{
    "providers":[
       {"type":"bitmap","file":"custom/font/prefixes/owner.png","ascent":7,"height":7,"chars":["\ue350"]},
       {"type":"bitmap","file":"custom/font/prefixes/manager.png","ascent":7,"height":7,"chars":["\ue351"]},
       {"type":"bitmap","file":"custom/font/prefixes/admin.png","ascent":7,"height":7,"chars":["\ue352"]},
       {"type":"bitmap","file":"custom/font/prefixes/srmod.png","ascent":7,"height":7,"chars":["\ue353"]},
       {"type":"bitmap","file":"custom/font/prefixes/moderator.png","ascent":7,"height":7,"chars":["\ue354"]},
       {"type":"bitmap","file":"custom/font/prefixes/helper.png","ascent":7,"height":7,"chars":["\ue355"]},
       {"type":"bitmap","file":"custom/font/prefixes/guide.png","ascent":7,"height":7,"chars":["\ue356"]},
       {"type":"bitmap","file":"custom/font/prefixes/staff.png","ascent":7,"height":7,"chars":["\ue357"]},
       {"type":"bitmap","file":"custom/font/prefixes/nitro.png","ascent":7,"height":7,"chars":["\ue358"]},
       {"type":"bitmap","file":"custom/font/prefixes/member.png","ascent":7,"height":7,"chars":["\ue359"]},
       {"type":"bitmap","file":"custom/font/prefixes/vip.png","ascent":7,"height":7,"chars":["\ue360"]},
       {"type":"bitmap","file":"custom/font/prefixes/pro.png","ascent":7,"height":7,"chars":["\ue361"]},
       {"type":"bitmap","file":"custom/font/prefixes/mvp.png","ascent":7,"height":7,"chars":["\ue362"]},
       {"type":"bitmap","file":"custom/font/prefixes/elite.png","ascent":7,"height":7,"chars":["\ue363"]},
       {"type":"bitmap","file":"custom/font/prefixes/premium.png","ascent":7,"height":7,"chars":["\ue364"]},
       {"type":"bitmap","file":"custom/font/prefixes/hero.png","ascent":7,"height":7,"chars":["\ue365"]},
       {"type":"bitmap","file":"custom/font/prefixes/legend.png","ascent":7,"height":7,"chars":["\ue366"]},
       {"type":"bitmap","file":"custom/font/prefixes/supporter.png","ascent":7,"height":7,"chars":["\ue367"]},
       {"type":"bitmap","file":"custom/font/prefixes/donator.png","ascent":7,"height":7,"chars":["\ue368"]},
       {"type":"bitmap","file":"custom/font/prefixes/patron.png","ascent":7,"height":7,"chars":["\ue369"]}
    ]
 }